OrigDate,Price,Open,High,Low,Vol.,Change %,Date
05/24/2024,52.99,52.99,52.99,52.99,0.00K,3.86%,2024-05-24
05/23/2024,51.02,51.02,51.02,51.02,0.00K,8.18%,2024-05-23
05/22/2024,47.16,47.16,47.16,47.16,0.00K,0.08%,2024-05-22
05/21/2024,47.13,47.13,47.13,47.13,0.00K,-2.09%,2024-05-21
05/20/2024,48.13,48.13,48.13,48.13,0.00K,-0.54%,2024-05-20
05/17/2024,48.39,48.39,48.39,48.39,0.00K,-3.57%,2024-05-17
05/16/2024,50.18,50.18,50.18,50.18,0.00K,-1.01%,2024-05-16
05/15/2024,50.69,50.69,50.69,50.69,0.00K,-1.27%,2024-05-15
05/14/2024,51.34,51.34,51.34,51.34,0.00K,-1.63%,2024-05-14
05/13/2024,52.19,52.19,52.19,52.19,0.00K,-1.51%,2024-05-13
45570,52.99,52.99,52.99,52.99,0.00K,5.98%,2024-10-05
45540,50,50,50,50,0.00K,4.28%,2024-09-05
45509,47.95,47.95,47.95,47.95,,-2.44%,2024-08-05
45478,49.15,49.15,49.15,49.15,,-7.25%,2024-07-05
45448,52.99,52.99,52.99,52.99,,0.00%,2024-06-05
45356,52.99,52.99,52.99,52.99,,0.00%,2024-03-05
45327,52.99,52.99,52.99,52.99,,0.00%,2024-02-05
04/30/2024,52.99,52.99,52.99,52.99,,0.00%,2024-04-30
04/29/2024,52.99,52.99,52.99,52.99,,0.00%,2024-04-29
04/26/2024,52.99,52.99,52.99,52.99,,0.00%,2024-04-26
04/25/2024,52.99,52.99,52.99,52.99,,0.00%,2024-04-25
04/24/2024,52.99,52.99,52.99,52.99,,0.00%,2024-04-24
04/22/2024,52.99,52.99,52.99,52.99,,0.00%,2024-04-22
04/19/2024,52.99,52.99,52.99,52.99,,0.00%,2024-04-19
04/18/2024,52.99,52.99,52.99,52.99,,0.00%,2024-04-18
04/17/2024,52.99,52.99,52.99,52.99,,0.04%,2024-04-17
04/16/2024,52.97,52.97,52.97,52.97,,0.87%,2024-04-16
04/15/2024,52.51,52.51,52.51,52.51,,7.58%,2024-04-15
45539,48.81,48.81,48.81,48.81,,-5.17%,2024-09-04
45508,51.48,51.48,51.48,51.48,,-2.86%,2024-08-04
45416,52.99,52.99,52.99,52.99,,0.07%,2024-05-04
45386,52.95,52.95,52.95,52.95,,0.89%,2024-04-04
45355,52.49,52.49,52.49,52.49,,0.55%,2024-03-04
45326,52.2,52.2,52.2,52.2,,-0.04%,2024-02-04
45295,52.22,52.22,52.22,52.22,,-1.45%,2024-01-04
03/29/2024,52.99,52.99,52.99,52.99,,1.09%,2024-03-29
03/28/2024,52.42,52.42,52.42,52.42,,1.83%,2024-03-28
03/27/2024,51.48,51.48,51.48,51.48,,-1.79%,2024-03-27
03/26/2024,52.42,52.42,52.42,52.42,,-0.77%,2024-03-26
03/25/2024,52.83,52.83,52.83,52.83,,0.14%,2024-03-25
03/22/2024,52.75,52.75,52.75,52.75,,13.46%,2024-03-22
03/21/2024,46.5,46.5,46.5,46.5,,0.00%,2024-03-21
03/20/2024,46.49,46.49,46.49,46.49,,0.00%,2024-03-20
03/19/2024,46.49,46.49,46.49,46.49,,0.04%,2024-03-19
03/18/2024,46.47,46.47,46.47,46.47,,0.05%,2024-03-18
03/15/2024,46.45,46.45,46.45,46.45,,-0.11%,2024-03-15
03/14/2024,46.5,46.5,46.5,46.5,,0.00%,2024-03-14
03/13/2024,46.49,46.49,46.49,46.49,,0.00%,2024-03-13
45629,46.49,46.49,46.49,46.49,,0.00%,2024-12-03
45599,46.49,46.49,46.49,46.49,,-0.01%,2024-11-03
45507,46.5,46.5,46.5,46.5,,0.00%,2024-08-03
45476,46.5,46.5,46.5,46.5,,0.00%,2024-07-03
45446,46.5,46.5,46.5,46.5,,0.01%,2024-06-03
45415,46.49,46.49,46.49,46.49,,0.00%,2024-05-03
45385,46.49,46.49,46.49,46.49,,0.26%,2024-04-03
45294,46.37,46.37,46.37,46.37,,4.37%,2024-01-03
02/29/2024,44.43,44.43,44.43,44.43,,-3.48%,2024-02-29
02/28/2024,46.03,46.03,46.03,46.03,,-0.86%,2024-02-28
02/27/2024,46.43,46.43,46.43,46.43,,-0.11%,2024-02-27
02/26/2024,46.48,46.48,46.48,46.48,,-0.02%,2024-02-26
02/23/2024,46.49,46.49,46.49,46.49,,0.04%,2024-02-23
02/22/2024,46.47,46.47,46.47,46.47,,1.26%,2024-02-22
02/21/2024,45.89,45.89,45.89,45.89,,2.11%,2024-02-21
02/20/2024,44.94,44.94,44.94,44.94,,-0.05%,2024-02-20
02/19/2024,44.96,44.96,44.96,44.96,,-2.01%,2024-02-19
02/16/2024,45.88,45.88,45.88,45.88,,-0.34%,2024-02-16
02/15/2024,46.04,46.04,46.04,46.04,,2.47%,2024-02-15
02/14/2024,44.93,44.93,44.93,44.93,,2.46%,2024-02-14
02/13/2024,43.85,43.85,43.85,43.85,,-2.01%,2024-02-13
45628,44.75,44.75,44.75,44.75,,-1.03%,2024-12-02
45537,45.22,45.22,45.22,45.22,,-0.31%,2024-09-02
45506,45.36,45.36,45.36,45.36,,-0.77%,2024-08-02
45475,45.71,45.71,45.71,45.71,,-0.39%,2024-07-02
45445,45.89,45.89,45.89,45.89,,-0.31%,2024-06-02
45414,46.03,46.03,46.03,46.03,,-0.62%,2024-05-02
45324,46.32,46.32,46.32,46.32,,4.07%,2024-02-02
45293,44.51,44.51,44.51,44.51,,2.32%,2024-01-02
01/31/2024,43.5,43.5,43.5,43.5,,-0.02%,2024-01-31
01/30/2024,43.51,43.51,43.51,43.51,,0.00%,2024-01-30
01/29/2024,43.51,43.51,43.51,43.51,,0.01%,2024-01-29
01/26/2024,43.5,43.5,43.5,43.5,,3.50%,2024-01-26
01/25/2024,42.03,42.03,42.03,42.03,,-2.60%,2024-01-25
01/24/2024,43.15,43.15,43.15,43.15,,-0.73%,2024-01-24
01/23/2024,43.47,43.47,43.47,43.47,,-0.53%,2024-01-23
01/22/2024,43.7,43.7,43.7,43.7,,0.02%,2024-01-22
01/19/2024,43.69,43.69,43.69,43.69,,4.87%,2024-01-19
01/18/2024,41.66,41.66,41.66,41.66,,0.58%,2024-01-18
01/17/2024,41.42,41.42,41.42,41.42,,0.53%,2024-01-17
01/16/2024,41.2,41.2,41.2,41.2,,0.35%,2024-01-16
01/15/2024,41.06,41.06,41.06,41.06,,-0.92%,2024-01-15
45627,41.44,41.44,41.44,41.44,,-0.10%,2024-12-01
45597,41.48,41.48,41.48,41.48,,-0.88%,2024-11-01
45566,41.85,41.85,41.85,41.85,,-0.30%,2024-10-01
45536,41.97,41.97,41.97,41.97,,-0.65%,2024-09-01
45505,42.25,42.25,42.25,42.25,,-2.45%,2024-08-01
45413,43.31,43.31,43.31,43.31,,2.51%,2024-05-01
45383,42.25,42.25,42.25,42.25,,1.91%,2024-04-01
45352,41.46,41.46,41.46,41.46,,-0.82%,2024-03-01
45323,41.8,41.8,41.8,41.8,,-4.19%,2024-02-01
12/29/2023,43.63,43.63,43.63,43.63,,4.91%,2023-12-29
12/28/2023,41.59,41.59,41.59,41.59,,0.17%,2023-12-28
12/27/2023,41.52,41.52,41.52,41.52,,0.16%,2023-12-27
12/26/2023,41.45,41.45,41.45,41.45,,-1.12%,2023-12-26
12/25/2023,41.92,41.92,41.92,41.92,,-1.06%,2023-12-25
12/22/2023,42.37,42.37,42.37,42.37,,8.98%,2023-12-22
12/21/2023,38.88,38.88,38.88,38.88,,-0.44%,2023-12-21
12/20/2023,39.05,39.05,39.05,39.05,,0.41%,2023-12-20
12/19/2023,38.89,38.89,38.89,38.89,,-0.61%,2023-12-19
12/18/2023,39.13,39.13,39.13,39.13,,-2.23%,2023-12-18
12/15/2023,40.02,40.02,40.02,40.02,,-0.27%,2023-12-15
12/14/2023,40.13,40.13,40.13,40.13,,0.02%,2023-12-14
12/13/2023,40.12,40.12,40.12,40.12,,-0.94%,2023-12-13
45272,40.5,40.5,40.5,40.5,,-1.10%,2023-12-12
45242,40.95,40.95,40.95,40.95,,-0.87%,2023-11-12
45150,41.31,41.31,41.31,41.31,,5.41%,2023-08-12
45119,39.19,39.19,39.19,39.19,,-0.73%,2023-07-12
45089,39.48,39.48,39.48,39.48,,-3.82%,2023-06-12
45058,41.04,41.04,41.04,41.04,,-0.95%,2023-05-12
45028,41.44,41.44,41.44,41.44,,-0.10%,2023-04-12
44938,41.48,41.48,41.48,41.48,,0.08%,2023-01-12
11/30/2023,41.45,41.45,41.45,41.45,,3.26%,2023-11-30
11/29/2023,40.14,40.14,40.14,40.14,,1.36%,2023-11-29
11/28/2023,39.6,39.6,39.6,39.6,,-0.14%,2023-11-28
11/27/2023,39.65,39.65,39.65,39.65,,-0.29%,2023-11-27
11/24/2023,39.77,39.77,39.77,39.77,,15.64%,2023-11-24
11/23/2023,34.39,34.39,34.39,34.39,,-3.10%,2023-11-23
11/22/2023,35.49,35.49,35.49,35.49,,-1.44%,2023-11-22
11/21/2023,36.01,36.01,36.01,36.01,,-0.91%,2023-11-21
11/20/2023,36.34,36.34,36.34,36.34,,-0.38%,2023-11-20
11/17/2023,36.48,36.48,36.48,36.48,,0.77%,2023-11-17
11/16/2023,36.2,36.2,36.2,36.2,,0.17%,2023-11-16
11/15/2023,36.14,36.14,36.14,36.14,,-0.15%,2023-11-15
11/14/2023,36.19,36.19,36.19,36.19,,0.09%,2023-11-14
11/13/2023,36.16,36.16,36.16,36.16,,-0.87%,2023-11-13
45210,36.48,36.48,36.48,36.48,,8.86%,2023-10-11
45180,33.51,33.51,33.51,33.51,,-0.83%,2023-09-11
45149,33.79,33.79,33.79,33.79,,-1.06%,2023-08-11
45118,34.15,34.15,34.15,34.15,,0.00%,2023-07-11
45088,34.15,34.15,34.15,34.15,,0.06%,2023-06-11
44996,34.13,34.13,34.13,34.13,,-0.11%,2023-03-11
44968,34.17,34.17,34.17,34.17,,0.86%,2023-02-11
44937,33.88,33.88,33.88,33.88,,1.03%,2023-01-11
10/31/2023,33.53,33.53,33.53,33.53,,0.06%,2023-10-31
10/30/2023,33.51,33.51,33.51,33.51,,-0.03%,2023-10-30
10/27/2023,33.52,33.52,33.52,33.52,,17.57%,2023-10-27
10/26/2023,28.51,28.51,28.51,28.51,,-0.45%,2023-10-26
10/25/2023,28.64,28.64,28.64,28.64,,-0.17%,2023-10-25
10/24/2023,28.69,28.69,28.69,28.69,,-0.31%,2023-10-24
10/23/2023,28.78,28.78,28.78,28.78,,-3.33%,2023-10-23
10/20/2023,29.77,29.77,29.77,29.77,,0.03%,2023-10-20
10/19/2023,29.76,29.76,29.76,29.76,,2.59%,2023-10-19
10/18/2023,29.01,29.01,29.01,29.01,,1.19%,2023-10-18
10/17/2023,28.67,28.67,28.67,28.67,,-1.47%,2023-10-17
10/16/2023,29.1,29.1,29.1,29.1,,-5.99%,2023-10-16
10/13/2023,30.95,30.95,30.95,30.95,,7.24%,2023-10-13
45270,28.86,28.86,28.86,28.86,,0.38%,2023-12-10
45240,28.75,28.75,28.75,28.75,,-2.03%,2023-11-10
45209,29.35,29.35,29.35,29.35,,-0.12%,2023-10-10
45179,29.38,29.38,29.38,29.38,,-2.23%,2023-09-10
45087,30.05,30.05,30.05,30.05,,1.36%,2023-06-10
45056,29.65,29.65,29.65,29.65,,-2.93%,2023-05-10
45026,30.54,30.54,30.54,30.54,,-1.82%,2023-04-10
44995,31.11,31.11,31.11,31.11,,-1.21%,2023-03-10
44967,31.49,31.49,31.49,31.49,,-0.03%,2023-02-10
09/29/2023,31.5,31.5,31.5,31.5,,10.53%,2023-09-29
09/28/2023,28.5,28.5,28.5,28.5,,0.00%,2023-09-28
09/27/2023,28.5,28.5,28.5,28.5,,0.00%,2023-09-27
09/26/2023,28.5,28.5,28.5,28.5,,0.00%,2023-09-26
09/25/2023,28.5,28.5,28.5,28.5,,0.00%,2023-09-25
09/22/2023,28.5,28.5,28.5,28.5,,7.55%,2023-09-22
09/21/2023,26.5,26.5,26.5,26.5,,0.00%,2023-09-21
09/20/2023,26.5,26.5,26.5,26.5,,0.00%,2023-09-20
09/19/2023,26.5,26.5,26.5,26.5,,0.00%,2023-09-19
09/18/2023,26.5,26.5,26.5,26.5,,0.00%,2023-09-18
09/15/2023,26.5,26.5,26.5,26.5,,0.76%,2023-09-15
09/14/2023,26.3,26.3,26.3,26.3,,0.23%,2023-09-14
09/13/2023,26.24,26.24,26.24,26.24,,-0.39%,2023-09-13
45269,26.34,26.34,26.34,26.34,,-0.33%,2023-12-09
45239,26.43,26.43,26.43,26.43,,0.57%,2023-11-09
45147,26.28,26.28,26.28,26.28,,-0.27%,2023-08-09
45116,26.35,26.35,26.35,26.35,,-0.26%,2023-07-09
45086,26.42,26.42,26.42,26.42,,-0.13%,2023-06-09
45055,26.45,26.45,26.45,26.45,,0.08%,2023-05-09
45025,26.43,26.43,26.43,26.43,,0.08%,2023-04-09
44935,26.41,26.41,26.41,26.41,,11.35%,2023-01-09
08/31/2023,23.72,23.72,23.72,23.72,,-3.45%,2023-08-31
08/29/2023,24.57,24.57,24.57,24.57,,2.42%,2023-08-29
08/28/2023,23.99,23.99,23.99,23.99,,0.49%,2023-08-28
08/25/2023,23.87,23.87,23.87,23.87,,25.63%,2023-08-25
08/24/2023,19,19,19,19,,0.00%,2023-08-24
08/23/2023,19,19,19,19,,0.05%,2023-08-23
08/22/2023,18.99,18.99,18.99,18.99,,0.00%,2023-08-22
08/21/2023,18.99,18.99,18.99,18.99,,0.91%,2023-08-21
08/18/2023,18.82,18.82,18.82,18.82,,2.67%,2023-08-18
08/17/2023,18.33,18.33,18.33,18.33,,0.11%,2023-08-17
08/16/2023,18.31,18.31,18.31,18.31,,1.95%,2023-08-16
08/15/2023,17.96,17.96,17.96,17.96,,0.50%,2023-08-15
08/14/2023,17.87,17.87,17.87,17.87,,-1.92%,2023-08-14
45238,18.22,18.22,18.22,18.22,,7.68%,2023-11-08
45207,16.92,16.92,16.92,16.92,,2.21%,2023-10-08
45177,16.55,16.55,16.55,16.55,,0.34%,2023-09-08
45146,16.5,16.5,16.5,16.5,,-4.08%,2023-08-08
45115,17.2,17.2,17.2,17.2,,-4.34%,2023-07-08
45024,17.98,17.98,17.98,17.98,,12.30%,2023-04-08
44993,16.01,16.01,16.01,16.01,,0.00%,2023-03-08
44965,16.01,16.01,16.01,16.01,,-1.85%,2023-02-08
44934,16.31,16.31,16.31,16.31,,-2.09%,2023-01-08
07/31/2023,16.66,16.66,16.66,16.66,,1.65%,2023-07-31
07/28/2023,16.39,16.39,16.39,16.39,,0.92%,2023-07-28
07/27/2023,16.24,16.24,16.24,16.24,,0.37%,2023-07-27
07/26/2023,16.18,16.18,16.18,16.18,,0.94%,2023-07-26
07/25/2023,16.03,16.03,16.03,16.03,,-0.46%,2023-07-25
07/24/2023,16.1,16.1,16.1,16.1,,-0.41%,2023-07-24
07/21/2023,16.17,16.17,16.17,16.17,,19.69%,2023-07-21
07/20/2023,13.51,13.51,13.51,13.51,,0.05%,2023-07-20
07/19/2023,13.5,13.5,13.5,13.5,,0.00%,2023-07-19
07/18/2023,13.5,13.5,13.5,13.5,,0.00%,2023-07-18
07/17/2023,13.51,13.51,13.51,13.51,,-0.39%,2023-07-17
07/14/2023,13.56,13.56,13.56,13.56,,0.15%,2023-07-14
07/13/2023,13.54,13.54,13.54,13.54,,-2.75%,2023-07-13
45267,13.92,13.92,13.92,13.92,,-4.49%,2023-12-07
45237,14.58,14.58,14.58,14.58,,-10.42%,2023-11-07
45206,16.27,16.27,16.27,16.27,,-1.01%,2023-10-07
45114,16.44,16.44,16.44,16.44,,8.73%,2023-07-07
45084,15.12,15.12,15.12,15.12,,2.30%,2023-06-07
45053,14.78,14.78,14.78,14.78,,-8.54%,2023-05-07
45023,16.16,16.16,16.16,16.16,,-1.61%,2023-04-07
44992,16.42,16.42,16.42,16.42,,-0.16%,2023-03-07
06/27/2023,16.45,16.45,16.45,16.45,,-0.25%,2023-06-27
06/26/2023,16.49,16.49,16.49,16.49,,0.68%,2023-06-26
06/23/2023,16.38,16.38,16.38,16.38,,75.75%,2023-06-23
06/22/2023,9.32,9.32,9.32,9.32,,10.30%,2023-06-22
06/21/2023,8.45,8.45,8.45,8.45,,3.60%,2023-06-21
06/20/2023,8.16,8.16,8.16,8.16,,-12.88%,2023-06-20
06/19/2023,9.36,9.36,9.36,9.36,,-6.32%,2023-06-19
06/16/2023,9.99,9.99,9.99,9.99,,0.00%,2023-06-16
06/15/2023,10,10,10,10,,0.00%,2023-06-15
06/14/2023,10,10,10,10,,0.00%,2023-06-14
06/13/2023,10,10,10,10,,0.00%,2023-06-13
45266,10,10,10,10,,0.00%,2023-12-06
45175,10,10,10,10,,0.00%,2023-09-06
45144,10,10,10,10,,0.00%,2023-08-06
45113,10,10,10,10,,0.00%,2023-07-06
45083,10,10,10,10,,0.00%,2023-06-06
45052,10,10,10,10,,0.00%,2023-05-06
44963,10,10,10,10,,0.00%,2023-02-06
44932,10,10,10,10,,0.00%,2023-01-06
05/31/2023,10,10,10,10,,0.00%,2023-05-31
05/30/2023,10,10,10,10,,0.00%,2023-05-30
05/29/2023,10,10,10,10,,0.00%,2023-05-29
05/26/2023,10,10,10,10,,0.00%,2023-05-26
05/25/2023,10,10,10,10,,0.00%,2023-05-25
05/24/2023,10,10,10,10,,0.00%,2023-05-24
05/23/2023,10,10,10,10,,0.00%,2023-05-23
05/22/2023,10,10,10,10,,0.00%,2023-05-22
05/18/2023,10,10,10,10,,0.00%,2023-05-18
05/17/2023,10,10,10,10,,0.00%,2023-05-17
05/16/2023,10,10,10,10,,0.00%,2023-05-16
05/15/2023,10,10,10,10,,0.00%,2023-05-15
45265,10,10,10,10,,0.00%,2023-12-05
45235,10,10,10,10,,0.00%,2023-11-05
45204,10,10,10,10,,0.00%,2023-10-05
45174,10,10,10,10,,0.00%,2023-09-05
45143,9.99,9.99,9.99,9.99,,0.00%,2023-08-05
45051,9.99,9.99,9.99,9.99,,0.00%,2023-05-05
45021,9.99,9.99,9.99,9.99,,0.00%,2023-04-05
44990,9.99,9.99,9.99,9.99,,0.00%,2023-03-05
44962,10,10,10,10,,0.00%,2023-02-05
04/28/2023,10,10,10,10,,0.00%,2023-04-28
04/27/2023,9.99,9.99,9.99,9.99,,0.11%,2023-04-27
04/26/2023,9.98,9.98,9.98,9.98,,-0.11%,2023-04-26
04/25/2023,9.99,9.99,9.99,9.99,,0.00%,2023-04-25
04/24/2023,9.99,9.99,9.99,9.99,,0.00%,2023-04-24
04/20/2023,10,10,10,10,,0.06%,2023-04-20
04/19/2023,9.99,9.99,9.99,9.99,,3.53%,2023-04-19
04/18/2023,9.65,9.65,9.65,9.65,,2.40%,2023-04-18
04/17/2023,9.43,9.43,9.43,9.43,,-2.91%,2023-04-17
04/14/2023,9.71,9.71,9.71,9.71,,4.77%,2023-04-14
04/13/2023,9.27,9.27,9.27,9.27,,-4.23%,2023-04-13
45264,9.67,9.67,9.67,9.67,,2.54%,2023-12-04
45234,9.44,9.44,9.44,9.44,,0.42%,2023-11-04
45203,9.4,9.4,9.4,9.4,,2.97%,2023-10-04
45111,9.12,9.12,9.12,9.12,,0.00%,2023-07-04
45081,9.13,9.13,9.13,9.13,,6.25%,2023-06-04
45050,8.59,8.59,8.59,8.59,,-6.03%,2023-05-04
45020,9.14,9.14,9.14,9.14,,-1.11%,2023-04-04
44989,9.25,9.25,9.25,9.25,,-2.19%,2023-03-04
03/31/2023,9.45,9.45,9.45,9.45,,4.36%,2023-03-31
03/30/2023,9.06,9.06,9.06,9.06,,-1.41%,2023-03-30
03/29/2023,9.19,9.19,9.19,9.19,,2.13%,2023-03-29
03/28/2023,9,9,9,9,,0.09%,2023-03-28
03/27/2023,8.99,8.99,8.99,8.99,,-1.67%,2023-03-27
03/24/2023,9.14,9.14,9.14,9.14,,-0.51%,2023-03-24
03/23/2023,9.19,9.19,9.19,9.19,,-0.85%,2023-03-23
03/22/2023,9.27,9.27,9.27,9.27,,7.06%,2023-03-22
03/21/2023,8.66,8.66,8.66,8.66,,-5.07%,2023-03-21
03/20/2023,9.12,9.12,9.12,9.12,,-4.32%,2023-03-20
03/17/2023,9.53,9.53,9.53,9.53,,10.06%,2023-03-17
03/16/2023,8.66,8.66,8.66,8.66,,2.04%,2023-03-16
03/15/2023,8.49,8.49,8.49,8.49,,1.52%,2023-03-15
03/14/2023,8.36,8.36,8.36,8.36,,0.40%,2023-03-14
03/13/2023,8.32,8.32,8.32,8.32,,-4.23%,2023-03-13
45202,8.69,8.69,8.69,8.69,,-0.58%,2023-10-03
45172,8.74,8.74,8.74,8.74,,0.45%,2023-09-03
45141,8.7,8.7,8.7,8.7,,1.19%,2023-08-03
45110,8.6,8.6,8.6,8.6,,-0.18%,2023-07-03
45080,8.62,8.62,8.62,8.62,,-2.27%,2023-06-03
44988,8.82,8.82,8.82,8.82,,-2.19%,2023-03-03
44960,9.02,9.02,9.02,9.02,,1.61%,2023-02-03
44929,8.87,8.87,8.87,8.87,,5.17%,2023-01-03
02/28/2023,8.44,8.44,8.44,8.44,,10.60%,2023-02-28
02/27/2023,7.63,7.63,7.63,7.63,,-12.17%,2023-02-27
02/24/2023,8.68,8.68,8.68,8.68,,-4.11%,2023-02-24
02/23/2023,9.06,9.06,9.06,9.06,,2.28%,2023-02-23
02/22/2023,8.86,8.86,8.86,8.86,,5.41%,2023-02-22
02/21/2023,8.4,8.4,8.4,8.4,,-6.40%,2023-02-21
02/20/2023,8.98,8.98,8.98,8.98,,3.18%,2023-02-20
02/17/2023,8.7,8.7,8.7,8.7,,-2.02%,2023-02-17
02/16/2023,8.88,8.88,8.88,8.88,,-6.08%,2023-02-16
02/15/2023,9.45,9.45,9.45,9.45,,-2.00%,2023-02-15
02/14/2023,9.65,9.65,9.65,9.65,,11.73%,2023-02-14
02/13/2023,8.63,8.63,8.63,8.63,,-6.81%,2023-02-13
45201,9.26,9.26,9.26,9.26,,-2.48%,2023-10-02
45171,9.5,9.5,9.5,9.5,,-0.85%,2023-09-02
45140,9.58,9.58,9.58,9.58,,-0.07%,2023-08-02
45109,9.59,9.59,9.59,9.59,,-3.65%,2023-07-02
45079,9.95,9.95,9.95,9.95,,1.79%,2023-06-02
44987,9.78,9.78,9.78,9.78,,3.59%,2023-03-02
44959,9.44,9.44,9.44,9.44,,2.54%,2023-02-02
44928,9.2,9.2,9.2,9.2,,-1.01%,2023-01-02
01/31/2023,9.3,9.3,9.3,9.3,,-0.40%,2023-01-31
01/30/2023,9.34,9.34,9.34,9.34,,-0.65%,2023-01-30
01/27/2023,9.4,9.4,9.4,9.4,,1.16%,2023-01-27
01/26/2023,9.29,9.29,9.29,9.29,,-1.19%,2023-01-26
01/25/2023,9.4,9.4,9.4,9.4,,-1.38%,2023-01-25
01/24/2023,9.53,9.53,9.53,9.53,,0.40%,2023-01-24
01/23/2023,9.49,9.49,9.49,9.49,,0.15%,2023-01-23
01/20/2023,9.48,9.48,9.48,9.48,,4.24%,2023-01-20
01/19/2023,9.09,9.09,9.09,9.09,,1.07%,2023-01-19
01/18/2023,9,9,9,9,,-1.58%,2023-01-18
01/17/2023,9.14,9.14,9.14,9.14,,-3.69%,2023-01-17
01/16/2023,9.49,9.49,9.49,9.49,,-4.47%,2023-01-16
01/13/2023,9.94,9.94,9.94,9.94,,10.01%,2023-01-13
45261,9.03,9.03,9.03,9.03,,0.48%,2023-12-01
45231,8.99,8.99,8.99,8.99,,2.97%,2023-11-01
45200,8.73,8.73,8.73,8.73,,-3.56%,2023-10-01
45170,9.05,9.05,9.05,9.05,,-0.34%,2023-09-01
45078,9.08,9.08,9.08,9.08,,-6.32%,2023-06-01
45047,9.7,9.7,9.7,9.7,,12.78%,2023-05-01
45017,8.6,8.6,8.6,8.6,,10.92%,2023-04-01
44986,7.75,7.75,7.75,7.75,,0.38%,2023-03-01
44958,7.72,7.72,7.72,7.72,,-24.76%,2023-02-01
12/30/2022,10.26,10.26,10.26,10.26,,2.84%,2022-12-30
12/29/2022,9.98,9.98,9.98,9.98,,0.61%,2022-12-29
12/28/2022,9.92,9.92,9.92,9.92,,2.69%,2022-12-28
12/27/2022,9.66,9.66,9.66,9.66,,3.40%,2022-12-27
12/26/2022,9.34,9.34,9.34,9.34,,0.72%,2022-12-26
12/23/2022,9.28,9.28,9.28,9.28,,9.67%,2022-12-23
12/22/2022,8.46,8.46,8.46,8.46,,-8.37%,2022-12-22
12/21/2022,9.23,9.23,9.23,9.23,,-3.58%,2022-12-21
12/20/2022,9.57,9.57,9.57,9.57,,0.27%,2022-12-20
12/19/2022,9.55,9.55,9.55,9.55,,-0.46%,2022-12-19
12/16/2022,9.59,9.59,9.59,9.59,,-0.77%,2022-12-16
12/15/2022,9.67,9.67,9.67,9.67,,0.59%,2022-12-15
12/14/2022,9.61,9.61,9.61,9.61,,3.10%,2022-12-14
12/13/2022,9.32,9.32,9.32,9.32,,-2.22%,2022-12-13
44907,9.53,9.53,9.53,9.53,,2.58%,2022-12-12
44816,9.29,9.29,9.29,9.29,,5.78%,2022-09-12
44785,8.78,8.78,8.78,8.78,,-1.35%,2022-08-12
44754,8.9,8.9,8.9,8.9,,-8.22%,2022-07-12
44724,9.7,9.7,9.7,9.7,,0.54%,2022-06-12
44693,9.65,9.65,9.65,9.65,,-3.14%,2022-05-12
44604,9.96,9.96,9.96,9.96,,-0.43%,2022-02-12
44573,10.01,10.01,10.01,10.01,,-0.39%,2022-01-12
11/30/2022,10.04,10.04,10.04,10.04,,-0.11%,2022-11-30
11/29/2022,10.06,10.06,10.06,10.06,,-0.19%,2022-11-29
11/28/2022,10.07,10.07,10.07,10.07,,6.79%,2022-11-28
11/25/2022,9.43,9.43,9.43,9.43,,-19.20%,2022-11-25
11/24/2022,11.68,11.68,11.68,11.68,,4.19%,2022-11-24
11/23/2022,11.21,11.21,11.21,11.21,,0.33%,2022-11-23
11/22/2022,11.17,11.17,11.17,11.17,,-4.37%,2022-11-22
11/21/2022,11.68,11.68,11.68,11.68,,-0.37%,2022-11-21
11/18/2022,11.72,11.72,11.72,11.72,,2.13%,2022-11-18
11/17/2022,11.48,11.48,11.48,11.48,,1.75%,2022-11-17
11/16/2022,11.28,11.28,11.28,11.28,,2.90%,2022-11-16
11/15/2022,10.96,10.96,10.96,10.96,,1.91%,2022-11-15
11/14/2022,10.76,10.76,10.76,10.76,,2.08%,2022-11-14
44876,10.54,10.54,10.54,10.54,,4.91%,2022-11-11
44845,10.05,10.05,10.05,10.05,,-0.76%,2022-10-11
44815,10.12,10.12,10.12,10.12,,0.35%,2022-09-11
44784,10.09,10.09,10.09,10.09,,-0.38%,2022-08-11
44753,10.13,10.13,10.13,10.13,,-5.39%,2022-07-11
44662,10.7,10.7,10.7,10.7,,-3.17%,2022-04-11
44631,11.05,11.05,11.05,11.05,,1.27%,2022-03-11
44603,10.91,10.91,10.91,10.91,,0.24%,2022-02-11
44572,10.89,10.89,10.89,10.89,,-5.02%,2022-01-11
10/31/2022,11.46,11.46,11.46,11.46,,2.86%,2022-10-31
10/28/2022,11.15,11.15,11.15,11.15,,3.70%,2022-10-28
10/27/2022,10.75,10.75,10.75,10.75,,-1.30%,2022-10-27
10/26/2022,10.89,10.89,10.89,10.89,,0.00%,2022-10-26
10/25/2022,10.89,10.89,10.89,10.89,,-0.28%,2022-10-25
10/24/2022,10.92,10.92,10.92,10.92,,-4.96%,2022-10-24
10/21/2022,11.49,11.49,11.49,11.49,,-14.45%,2022-10-21
10/20/2022,13.43,13.43,13.43,13.43,,7.33%,2022-10-20
10/19/2022,12.51,12.51,12.51,12.51,,4.66%,2022-10-19
10/18/2022,11.96,11.96,11.96,11.96,,-2.51%,2022-10-18
10/17/2022,12.26,12.26,12.26,12.26,,4.47%,2022-10-17
10/14/2022,11.74,11.74,11.74,11.74,,-3.02%,2022-10-14
10/13/2022,12.1,12.1,12.1,12.1,,2.38%,2022-10-13
44905,11.82,11.82,11.82,11.82,,-1.40%,2022-12-10
44875,11.99,11.99,11.99,11.99,,-1.04%,2022-11-10
44844,12.12,12.12,12.12,12.12,,1.02%,2022-10-10
44752,11.99,11.99,11.99,11.99,,-2.58%,2022-07-10
44722,12.31,12.31,12.31,12.31,,2.19%,2022-06-10
44691,12.05,12.05,12.05,12.05,,-3.44%,2022-05-10
44661,12.48,12.48,12.48,12.48,,0.78%,2022-04-10
44630,12.38,12.38,12.38,12.38,,-3.99%,2022-03-10
09/30/2022,12.89,12.89,12.89,12.89,,13.30%,2022-09-30
09/29/2022,11.38,11.38,11.38,11.38,,-7.71%,2022-09-29
09/28/2022,12.33,12.33,12.33,12.33,,-1.53%,2022-09-28
09/27/2022,12.52,12.52,12.52,12.52,,-2.44%,2022-09-27
09/26/2022,12.84,12.84,12.84,12.84,,-4.07%,2022-09-26
09/23/2022,13.38,13.38,13.38,13.38,,-0.38%,2022-09-23
09/22/2022,13.43,13.43,13.43,13.43,,4.04%,2022-09-22
09/21/2022,12.91,12.91,12.91,12.91,,-0.84%,2022-09-21
09/20/2022,13.02,13.02,13.02,13.02,,1.83%,2022-09-20
09/19/2022,12.78,12.78,12.78,12.78,,1.36%,2022-09-19
09/16/2022,12.61,12.61,12.61,12.61,,6.90%,2022-09-16
09/15/2022,11.8,11.8,11.8,11.8,,-9.01%,2022-09-15
09/14/2022,12.97,12.97,12.97,12.97,,-0.51%,2022-09-14
09/13/2022,13.03,13.03,13.03,13.03,,1.55%,2022-09-13
44904,12.84,12.84,12.84,12.84,,-0.84%,2022-12-09
44813,12.94,12.94,12.94,12.94,,-0.15%,2022-09-09
44782,12.96,12.96,12.96,12.96,,-2.55%,2022-08-09
44751,13.3,13.3,13.3,13.3,,-0.78%,2022-07-09
44721,13.41,13.41,13.41,13.41,,0.83%,2022-06-09
44690,13.3,13.3,13.3,13.3,,1.68%,2022-05-09
44601,13.08,13.08,13.08,13.08,,-0.90%,2022-02-09
44570,13.19,13.19,13.19,13.19,,-1.04%,2022-01-09
08/31/2022,13.33,13.33,13.33,13.33,,11.58%,2022-08-31
08/29/2022,11.95,11.95,11.95,11.95,,-0.98%,2022-08-29
08/26/2022,12.07,12.07,12.07,12.07,,-2.79%,2022-08-26
08/25/2022,12.41,12.41,12.41,12.41,,-7.98%,2022-08-25
08/24/2022,13.49,13.49,13.49,13.49,,-0.07%,2022-08-24
08/23/2022,13.5,13.5,13.5,13.5,,-2.26%,2022-08-23
08/22/2022,13.81,13.81,13.81,13.81,,2.36%,2022-08-22
08/19/2022,13.49,13.49,13.49,13.49,,-9.85%,2022-08-19
08/18/2022,14.97,14.97,14.97,14.97,,5.37%,2022-08-18
08/17/2022,14.21,14.21,14.21,14.21,,0.26%,2022-08-17
08/16/2022,14.17,14.17,14.17,14.17,,0.33%,2022-08-16
08/15/2022,14.12,14.12,14.12,14.12,,1.24%,2022-08-15
44903,13.95,13.95,13.95,13.95,,0.91%,2022-12-08
44873,13.82,13.82,13.82,13.82,,-3.58%,2022-11-08
44842,14.34,14.34,14.34,14.34,,-0.51%,2022-10-08
44812,14.41,14.41,14.41,14.41,,-1.67%,2022-09-08
44781,14.66,14.66,14.66,14.66,,2.44%,2022-08-08
44689,14.31,14.31,14.31,14.31,,9.31%,2022-05-08
44659,13.09,13.09,13.09,13.09,,0.53%,2022-04-08
44628,13.02,13.02,13.02,13.02,,-4.34%,2022-03-08
44600,13.61,13.61,13.61,13.61,,-2.78%,2022-02-08
44569,14,14,14,14,,-0.33%,2022-01-08
07/29/2022,14.05,14.05,14.05,14.05,,-5.80%,2022-07-29
07/28/2022,14.91,14.91,14.91,14.91,,-0.29%,2022-07-28
07/27/2022,14.95,14.95,14.95,14.95,,5.63%,2022-07-27
07/26/2022,14.16,14.16,14.16,14.16,,-3.03%,2022-07-26
07/25/2022,14.6,14.6,14.6,14.6,,1.86%,2022-07-25
07/22/2022,14.33,14.33,14.33,14.33,,-4.61%,2022-07-22
07/21/2022,15.03,15.03,15.03,15.03,,5.98%,2022-07-21
07/20/2022,14.18,14.18,14.18,14.18,,0.37%,2022-07-20
07/19/2022,14.13,14.13,14.13,14.13,,0.23%,2022-07-19
07/18/2022,14.09,14.09,14.09,14.09,,-5.13%,2022-07-18
07/14/2022,14.86,14.86,14.86,14.86,,-0.35%,2022-07-14
07/13/2022,14.91,14.91,14.91,14.91,,4.56%,2022-07-13
44780,14.26,14.26,14.26,14.26,,-1.19%,2022-08-07
44749,14.43,14.43,14.43,14.43,,1.72%,2022-07-07
44719,14.18,14.18,14.18,14.18,,1.16%,2022-06-07
44688,14.02,14.02,14.02,14.02,,0.15%,2022-05-07
44658,14,14,14,14,,-0.14%,2022-04-07
44568,14.02,14.02,14.02,14.02,,-8.30%,2022-01-07
06/30/2022,15.29,15.29,15.29,15.29,,5.50%,2022-06-30
06/29/2022,14.49,14.49,14.49,14.49,,2.78%,2022-06-29
06/28/2022,14.1,14.1,14.1,14.1,,0.51%,2022-06-28
06/27/2022,14.03,14.03,14.03,14.03,,0.17%,2022-06-27
06/24/2022,14,14,14,14,,-4.51%,2022-06-24
06/23/2022,14.67,14.67,14.67,14.67,,-0.67%,2022-06-23
06/22/2022,14.77,14.77,14.77,14.77,,1.67%,2022-06-22
06/21/2022,14.52,14.52,14.52,14.52,,-2.43%,2022-06-21
06/20/2022,14.88,14.88,14.88,14.88,,-2.08%,2022-06-20
06/17/2022,15.2,15.2,15.2,15.2,,4.78%,2022-06-17
06/16/2022,14.51,14.51,14.51,14.51,,-0.08%,2022-06-16
06/15/2022,14.52,14.52,14.52,14.52,,3.18%,2022-06-15
06/14/2022,14.07,14.07,14.07,14.07,,-0.56%,2022-06-14
06/13/2022,14.15,14.15,14.15,14.15,,1.02%,2022-06-13
44840,14.01,14.01,14.01,14.01,,1.60%,2022-10-06
44810,13.79,13.79,13.79,13.79,,6.01%,2022-09-06
44779,13.01,13.01,13.01,13.01,,-3.29%,2022-08-06
44748,13.45,13.45,13.45,13.45,,-3.90%,2022-07-06
44718,14,14,14,14,,-2.91%,2022-06-06
44626,14.41,14.41,14.41,14.41,,-1.14%,2022-03-06
44598,14.58,14.58,14.58,14.58,,0.61%,2022-02-06
44567,14.49,14.49,14.49,14.49,,1.81%,2022-01-06
05/31/2022,14.24,14.24,14.24,14.24,,0.98%,2022-05-31
05/30/2022,14.1,14.1,14.1,14.1,,1.02%,2022-05-30
05/27/2022,13.96,13.96,13.96,13.96,,-3.28%,2022-05-27
05/26/2022,14.43,14.43,14.43,14.43,,-0.52%,2022-05-26
05/25/2022,14.5,14.5,14.5,14.5,,1.40%,2022-05-25
05/24/2022,14.3,14.3,14.3,14.3,,1.11%,2022-05-24
05/23/2022,14.15,14.15,14.15,14.15,,0.40%,2022-05-23
05/20/2022,14.09,14.09,14.09,14.09,,1.27%,2022-05-20
05/18/2022,13.91,13.91,13.91,13.91,,-1.00%,2022-05-18
05/17/2022,14.05,14.05,14.05,14.05,,-1.89%,2022-05-17
05/16/2022,14.33,14.33,14.33,14.33,,2.97%,2022-05-16
05/13/2022,13.91,13.91,13.91,13.91,,3.91%,2022-05-13
44900,13.39,13.39,13.39,13.39,,-4.16%,2022-12-05
44870,13.97,13.97,13.97,13.97,,0.00%,2022-11-05
44839,13.97,13.97,13.97,13.97,,1.21%,2022-10-05
44809,13.81,13.81,13.81,13.81,,0.73%,2022-09-05
44717,13.71,13.71,13.71,13.71,,-0.38%,2022-06-05
44686,13.76,13.76,13.76,13.76,,-5.89%,2022-05-05
04/29/2022,14.62,14.62,14.62,14.62,,2.12%,2022-04-29
04/28/2022,14.32,14.32,14.32,14.32,,3.74%,2022-04-28
04/27/2022,13.8,13.8,13.8,13.8,,-0.72%,2022-04-27
04/26/2022,13.9,13.9,13.9,13.9,,-0.80%,2022-04-26
04/25/2022,14.01,14.01,14.01,14.01,,-0.32%,2022-04-25
04/22/2022,14.06,14.06,14.06,14.06,,-1.31%,2022-04-22
04/21/2022,14.24,14.24,14.24,14.24,,0.57%,2022-04-21
04/20/2022,14.16,14.16,14.16,14.16,,0.08%,2022-04-20
04/19/2022,14.15,14.15,14.15,14.15,,1.09%,2022-04-19
04/18/2022,14,14,14,14,,-0.47%,2022-04-18
04/15/2022,14.07,14.07,14.07,14.07,,8.41%,2022-04-15
04/14/2022,12.97,12.97,12.97,12.97,,-4.95%,2022-04-14
04/13/2022,13.65,13.65,13.65,13.65,,-3.20%,2022-04-13
44899,14.1,14.1,14.1,14.1,,0.35%,2022-12-04
44869,14.05,14.05,14.05,14.05,,0.00%,2022-11-04
44777,14.06,14.06,14.06,14.06,,0.95%,2022-08-04
44746,13.92,13.92,13.92,13.92,,-1.33%,2022-07-04
44716,14.11,14.11,14.11,14.11,,0.25%,2022-06-04
44685,14.08,14.08,14.08,14.08,,-0.43%,2022-05-04
44655,14.14,14.14,14.14,14.14,,0.57%,2022-04-04
44565,14.06,14.06,14.06,14.06,,10.28%,2022-01-04
03/31/2022,12.75,12.75,12.75,12.75,,-1.72%,2022-03-31
03/30/2022,12.97,12.97,12.97,12.97,,-4.98%,2022-03-30
03/29/2022,13.65,13.65,13.65,13.65,,-1.50%,2022-03-29
03/28/2022,13.86,13.86,13.86,13.86,,-1.42%,2022-03-28
03/25/2022,14.06,14.06,14.06,14.06,,-0.98%,2022-03-25
03/24/2022,14.2,14.2,14.2,14.2,,-0.49%,2022-03-24
03/23/2022,14.27,14.27,14.27,14.27,,-0.39%,2022-03-23
03/22/2022,14.32,14.32,14.32,14.32,,-0.42%,2022-03-22
03/21/2022,14.38,14.38,14.38,14.38,,1.83%,2022-03-21
03/18/2022,14.12,14.12,14.12,14.12,,6.12%,2022-03-18
03/17/2022,13.31,13.31,13.31,13.31,,-6.92%,2022-03-17
03/16/2022,14.3,14.3,14.3,14.3,,0.00%,2022-03-16
03/15/2022,14.29,14.29,14.29,14.29,,0.27%,2022-03-15
03/14/2022,14.26,14.26,14.26,14.26,,0.63%,2022-03-14
44868,14.17,14.17,14.17,14.17,,-2.09%,2022-11-03
44837,14.47,14.47,14.47,14.47,,0.77%,2022-10-03
44807,14.36,14.36,14.36,14.36,,-1.11%,2022-09-03
44776,14.52,14.52,14.52,14.52,,-0.18%,2022-08-03
44745,14.55,14.55,14.55,14.55,,4.65%,2022-07-03
44654,13.9,13.9,13.9,13.9,,-3.34%,2022-04-03
44623,14.38,14.38,14.38,14.38,,-2.48%,2022-03-03
44595,14.74,14.74,14.74,14.74,,2.23%,2022-02-03
44564,14.42,14.42,14.42,14.42,,-1.63%,2022-01-03
02/28/2022,14.66,14.66,14.66,14.66,,4.87%,2022-02-28
02/25/2022,13.98,13.98,13.98,13.98,,-2.44%,2022-02-25
02/24/2022,14.33,14.33,14.33,14.33,,0.76%,2022-02-24
02/23/2022,14.22,14.22,14.22,14.22,,0.36%,2022-02-23
02/22/2022,14.17,14.17,14.17,14.17,,-0.85%,2022-02-22
02/21/2022,14.29,14.29,14.29,14.29,,-0.66%,2022-02-21
02/18/2022,14.39,14.39,14.39,14.39,,12.97%,2022-02-18
02/17/2022,12.74,12.74,12.74,12.74,,-8.99%,2022-02-17
02/16/2022,13.99,13.99,13.99,13.99,,-0.10%,2022-02-16
02/15/2022,14.01,14.01,14.01,14.01,,0.44%,2022-02-15
02/14/2022,13.95,13.95,13.95,13.95,,-0.55%,2022-02-14
44867,14.02,14.02,14.02,14.02,,-0.19%,2022-11-02
44836,14.05,14.05,14.05,14.05,,0.60%,2022-10-02
44806,13.97,13.97,13.97,13.97,,-3.68%,2022-09-02
44775,14.5,14.5,14.5,14.5,,0.37%,2022-08-02
44744,14.45,14.45,14.45,14.45,,3.58%,2022-07-02
44653,13.95,13.95,13.95,13.95,,-2.14%,2022-04-02
44622,14.25,14.25,14.25,14.25,,-0.65%,2022-03-02
44594,14.35,14.35,14.35,14.35,,0.52%,2022-02-02
44563,14.27,14.27,14.27,14.27,,2.32%,2022-01-02
01/31/2022,13.95,13.95,13.95,13.95,,-1.99%,2022-01-31
01/28/2022,14.23,14.23,14.23,14.23,,0.19%,2022-01-28
01/27/2022,14.2,14.2,14.2,14.2,,-0.74%,2022-01-27
01/26/2022,14.31,14.31,14.31,14.31,,-2.96%,2022-01-26
01/25/2022,14.75,14.75,14.75,14.75,,-1.17%,2022-01-25
01/24/2022,14.92,14.92,14.92,14.92,,5.02%,2022-01-24
01/21/2022,14.21,14.21,14.21,14.21,,-1.65%,2022-01-21
01/20/2022,14.45,14.45,14.45,14.45,,-3.98%,2022-01-20
01/19/2022,15.04,15.04,15.04,15.04,,9.31%,2022-01-19
01/18/2022,13.76,13.76,13.76,13.76,,-2.82%,2022-01-18
01/17/2022,14.16,14.16,14.16,14.16,,-4.69%,2022-01-17
01/14/2022,14.86,14.86,14.86,14.86,,6.45%,2022-01-14
01/13/2022,13.96,13.96,13.96,13.96,,-3.74%,2022-01-13
44896,14.5,14.5,14.5,14.5,,-2.01%,2022-12-01
44866,14.8,14.8,14.8,14.8,,2.00%,2022-11-01
44835,14.51,14.51,14.51,14.51,,4.22%,2022-10-01
44743,13.92,13.92,13.92,13.92,,0.06%,2022-07-01
44713,13.91,13.91,13.91,13.91,,2.58%,2022-06-01
44682,13.56,13.56,13.56,13.56,,-3.08%,2022-05-01
44652,13.99,13.99,13.99,13.99,,-0.74%,2022-04-01
44621,14.1,14.1,14.1,14.1,,-0.86%,2022-03-01
12/31/2021,14.22,14.22,14.22,14.22,,-7.76%,2021-12-31
12/30/2021,15.42,15.42,15.42,15.42,,4.22%,2021-12-30
12/29/2021,14.79,14.79,14.79,14.79,,-0.31%,2021-12-29
12/28/2021,14.84,14.84,14.84,14.84,,-3.59%,2021-12-28
12/27/2021,15.39,15.39,15.39,15.39,,0.61%,2021-12-27
12/24/2021,15.3,15.3,15.3,15.3,,0.29%,2021-12-24
12/23/2021,15.25,15.25,15.25,15.25,,6.90%,2021-12-23
12/22/2021,14.27,14.27,14.27,14.27,,1.72%,2021-12-22
12/21/2021,14.03,14.03,14.03,14.03,,-0.95%,2021-12-21
12/20/2021,14.16,14.16,14.16,14.16,,-1.52%,2021-12-20
12/17/2021,14.38,14.38,14.38,14.38,,-10.29%,2021-12-17
12/16/2021,16.03,16.03,16.03,16.03,,0.33%,2021-12-16
12/15/2021,15.98,15.98,15.98,15.98,,1.22%,2021-12-15
12/14/2021,15.79,15.79,15.79,15.79,,-3.54%,2021-12-14
12/13/2021,16.37,16.37,16.37,16.37,,4.98%,2021-12-13
44481,15.59,15.59,15.59,15.59,,2.92%,2021-10-12
44451,15.15,15.15,15.15,15.15,,0.15%,2021-09-12
44420,15.12,15.12,15.12,15.12,,-1.18%,2021-08-12
44389,15.3,15.3,15.3,15.3,,-6.19%,2021-07-12
44359,16.31,16.31,16.31,16.31,,-0.65%,2021-06-12
44267,16.42,16.42,16.42,16.42,,6.39%,2021-03-12
44239,15.44,15.44,15.44,15.44,,-5.50%,2021-02-12
44208,16.33,16.33,16.33,16.33,,6.47%,2021-01-12
11/30/2021,15.34,15.34,15.34,15.34,,-0.42%,2021-11-30
11/29/2021,15.41,15.41,15.41,15.41,,0.89%,2021-11-29
11/26/2021,15.27,15.27,15.27,15.27,,-1.52%,2021-11-26
11/25/2021,15.51,15.51,15.51,15.51,,1.60%,2021-11-25
11/24/2021,15.26,15.26,15.26,15.26,,1.99%,2021-11-24
11/23/2021,14.97,14.97,14.97,14.97,,-0.69%,2021-11-23
11/22/2021,15.07,15.07,15.07,15.07,,2.06%,2021-11-22
11/19/2021,14.77,14.77,14.77,14.77,,-11.68%,2021-11-19
11/18/2021,16.72,16.72,16.72,16.72,,7.77%,2021-11-18
11/17/2021,15.52,15.52,15.52,15.52,,-2.50%,2021-11-17
11/16/2021,15.91,15.91,15.91,15.91,,-0.76%,2021-11-16
11/15/2021,16.03,16.03,16.03,16.03,,0.54%,2021-11-15
44541,15.95,15.95,15.95,15.95,,-1.73%,2021-12-11
44511,16.23,16.23,16.23,16.23,,0.49%,2021-11-11
44480,16.15,16.15,16.15,16.15,,0.83%,2021-10-11
44450,16.02,16.02,16.02,16.02,,0.46%,2021-09-11
44419,15.94,15.94,15.94,15.94,,-0.91%,2021-08-11
44327,16.09,16.09,16.09,16.09,,-0.75%,2021-05-11
44297,16.21,16.21,16.21,16.21,,0.41%,2021-04-11
44266,16.15,16.15,16.15,16.15,,-0.52%,2021-03-11
44238,16.23,16.23,16.23,16.23,,0.63%,2021-02-11
44207,16.13,16.13,16.13,16.13,,-2.68%,2021-01-11
10/28/2021,16.57,16.57,16.57,16.57,,1.52%,2021-10-28
10/27/2021,16.33,16.33,16.33,16.33,,-0.20%,2021-10-27
10/26/2021,16.36,16.36,16.36,16.36,,-0.40%,2021-10-26
10/25/2021,16.42,16.42,16.42,16.42,,0.63%,2021-10-25
10/22/2021,16.32,16.32,16.32,16.32,,-11.05%,2021-10-22
10/21/2021,18.35,18.35,18.35,18.35,,3.09%,2021-10-21
10/20/2021,17.8,17.8,17.8,17.8,,-0.94%,2021-10-20
10/19/2021,17.97,17.97,17.97,17.97,,0.18%,2021-10-19
10/18/2021,17.93,17.93,17.93,17.93,,0.15%,2021-10-18
10/15/2021,17.91,17.91,17.91,17.91,,1.08%,2021-10-15
10/14/2021,17.71,17.71,17.71,17.71,,-2.42%,2021-10-14
10/13/2021,18.15,18.15,18.15,18.15,,0.71%,2021-10-13
44540,18.02,18.02,18.02,18.02,,-1.03%,2021-12-10
44510,18.21,18.21,18.21,18.21,,0.11%,2021-11-10
44418,18.19,18.19,18.19,18.19,,0.92%,2021-08-10
44387,18.03,18.03,18.03,18.03,,0.00%,2021-07-10
44357,18.02,18.02,18.02,18.02,,0.12%,2021-06-10
44326,18,18,18,18,,-1.30%,2021-05-10
44296,18.24,18.24,18.24,18.24,,-0.22%,2021-04-10
44206,18.28,18.28,18.28,18.28,,-0.24%,2021-01-10
09/30/2021,18.32,18.32,18.32,18.32,,1.14%,2021-09-30
09/29/2021,18.12,18.12,18.12,18.12,,0.97%,2021-09-29
09/28/2021,17.94,17.94,17.94,17.94,,0.44%,2021-09-28
09/27/2021,17.86,17.86,17.86,17.86,,-2.43%,2021-09-27
09/24/2021,18.31,18.31,18.31,18.31,,-2.89%,2021-09-24
09/23/2021,18.85,18.85,18.85,18.85,,0.00%,2021-09-23
09/22/2021,18.85,18.85,18.85,18.85,,-0.94%,2021-09-22
09/21/2021,19.03,19.03,19.03,19.03,,-0.10%,2021-09-21
09/20/2021,19.05,19.05,19.05,19.05,,2.37%,2021-09-20
09/17/2021,18.61,18.61,18.61,18.61,,-1.46%,2021-09-17
09/16/2021,18.88,18.88,18.88,18.88,,-0.09%,2021-09-16
09/15/2021,18.9,18.9,18.9,18.9,,-0.92%,2021-09-15
09/14/2021,19.08,19.08,19.08,19.08,,0.04%,2021-09-14
09/13/2021,19.07,19.07,19.07,19.07,,-0.03%,2021-09-13
44478,19.07,19.07,19.07,19.07,,0.00%,2021-10-09
44448,19.08,19.08,19.08,19.08,,0.31%,2021-09-09
44417,19.02,19.02,19.02,19.02,,0.09%,2021-08-09
44386,19,19,19,19,,0.00%,2021-07-09
44356,19,19,19,19,,0.08%,2021-06-09
44264,18.99,18.99,18.99,18.99,,2.05%,2021-03-09
44236,18.61,18.61,18.61,18.61,,-1.94%,2021-02-09
44205,18.97,18.97,18.97,18.97,,0.14%,2021-01-09
08/31/2021,18.95,18.95,18.95,18.95,,-0.24%,2021-08-31
08/27/2021,18.99,18.99,18.99,18.99,,-0.03%,2021-08-27
08/26/2021,19,19,19,19,,0.05%,2021-08-26
08/25/2021,18.99,18.99,18.99,18.99,,-0.06%,2021-08-25
08/24/2021,19,19,19,19,,0.06%,2021-08-24
08/23/2021,18.99,18.99,18.99,18.99,,-0.05%,2021-08-23
08/20/2021,19,19,19,19,,1.07%,2021-08-20
08/19/2021,18.8,18.8,18.8,18.8,,0.19%,2021-08-19
08/18/2021,18.76,18.76,18.76,18.76,,-1.12%,2021-08-18
08/17/2021,18.98,18.98,18.98,18.98,,-0.12%,2021-08-17
08/16/2021,19,19,19,19,,0.13%,2021-08-16
08/13/2021,18.98,18.98,18.98,18.98,,0.11%,2021-08-13
44538,18.96,18.96,18.96,18.96,,-0.09%,2021-12-08
44508,18.97,18.97,18.97,18.97,,-0.54%,2021-11-08
44477,19.08,19.08,19.08,19.08,,0.07%,2021-10-08
44447,19.06,19.06,19.06,19.06,,0.00%,2021-09-08
44355,19.07,19.07,19.07,19.07,,0.67%,2021-06-08
44324,18.94,18.94,18.94,18.94,,-0.09%,2021-05-08
44294,18.96,18.96,18.96,18.96,,-0.12%,2021-04-08
44263,18.98,18.98,18.98,18.98,,-0.19%,2021-03-08
44235,19.01,19.01,19.01,19.01,,-0.25%,2021-02-08
07/30/2021,19.06,19.06,19.06,19.06,,0.30%,2021-07-30
07/29/2021,19,19,19,19,,0.10%,2021-07-29
07/28/2021,18.98,18.98,18.98,18.98,,0.19%,2021-07-28
07/27/2021,18.95,18.95,18.95,18.95,,-0.97%,2021-07-27
07/26/2021,19.13,19.13,19.13,19.13,,0.97%,2021-07-26
07/19/2021,18.95,18.95,18.95,18.95,,-0.26%,2021-07-19
07/16/2021,19,19,19,19,,-0.20%,2021-07-16
07/14/2021,19.04,19.04,19.04,19.04,,0.00%,2021-07-14
07/13/2021,19.04,19.04,19.04,19.04,,0.19%,2021-07-13
44537,19,19,19,19,,0.16%,2021-12-07
44446,18.97,18.97,18.97,18.97,,0.71%,2021-09-07
44415,18.84,18.84,18.84,18.84,,-1.26%,2021-08-07
44384,19.08,19.08,19.08,19.08,,-0.95%,2021-07-07
44354,19.26,19.26,19.26,19.26,,1.76%,2021-06-07
44323,18.93,18.93,18.93,18.93,,-0.14%,2021-05-07
44234,18.95,18.95,18.95,18.95,,-0.26%,2021-02-07
44203,19,19,19,19,,-0.13%,2021-01-07
06/30/2021,19.03,19.03,19.03,19.03,,0.20%,2021-06-30
06/29/2021,18.99,18.99,18.99,18.99,,-0.10%,2021-06-29
06/28/2021,19.01,19.01,19.01,19.01,,-0.40%,2021-06-28
06/25/2021,19.08,19.08,19.08,19.08,,1.22%,2021-06-25
06/24/2021,18.85,18.85,18.85,18.85,,-0.99%,2021-06-24
06/23/2021,19.04,19.04,19.04,19.04,,-0.54%,2021-06-23
06/22/2021,19.15,19.15,19.15,19.15,,0.34%,2021-06-22
06/21/2021,19.08,19.08,19.08,19.08,,-1.07%,2021-06-21
06/18/2021,19.29,19.29,19.29,19.29,,0.78%,2021-06-18
06/17/2021,19.14,19.14,19.14,19.14,,0.00%,2021-06-17
06/16/2021,19.14,19.14,19.14,19.14,,0.33%,2021-06-16
06/15/2021,19.07,19.07,19.07,19.07,,0.12%,2021-06-15
06/14/2021,19.05,19.05,19.05,19.05,,-0.15%,2021-06-14
44506,19.08,19.08,19.08,19.08,,1.20%,2021-11-06
44475,18.86,18.86,18.86,18.86,,-1.06%,2021-10-06
44445,19.06,19.06,19.06,19.06,,0.38%,2021-09-06
44414,18.98,18.98,18.98,18.98,,-0.46%,2021-08-06
44383,19.07,19.07,19.07,19.07,,-0.56%,2021-07-06
44292,19.18,19.18,19.18,19.18,,0.94%,2021-04-06
44261,19,19,19,19,,-0.11%,2021-03-06
44233,19.02,19.02,19.02,19.02,,0.48%,2021-02-06
44202,18.93,18.93,18.93,18.93,,-0.75%,2021-01-06
05/31/2021,19.07,19.07,19.07,19.07,,0.56%,2021-05-31
05/28/2021,18.97,18.97,18.97,18.97,,1.09%,2021-05-28
05/27/2021,18.76,18.76,18.76,18.76,,0.07%,2021-05-27
05/26/2021,18.75,18.75,18.75,18.75,,-1.19%,2021-05-26
05/25/2021,18.97,18.97,18.97,18.97,,-0.34%,2021-05-25
05/24/2021,19.04,19.04,19.04,19.04,,0.15%,2021-05-24
05/21/2021,19.01,19.01,19.01,19.01,,0.25%,2021-05-21
05/20/2021,18.96,18.96,18.96,18.96,,0.61%,2021-05-20
05/18/2021,18.85,18.85,18.85,18.85,,0.26%,2021-05-18
05/17/2021,18.8,18.8,18.8,18.8,,4.63%,2021-05-17
44535,17.97,17.97,17.97,17.97,,-6.55%,2021-12-05
44505,19.23,19.23,19.23,19.23,,-0.21%,2021-11-05
44474,19.27,19.27,19.27,19.27,,0.09%,2021-10-05
44382,19.25,19.25,19.25,19.25,,0.09%,2021-07-05
44352,19.23,19.23,19.23,19.23,,0.00%,2021-06-05
44321,19.24,19.24,19.24,19.24,,-0.03%,2021-05-05
44291,19.24,19.24,19.24,19.24,,-0.05%,2021-04-05
44260,19.25,19.25,19.25,19.25,,-1.38%,2021-03-05
04/30/2021,19.52,19.52,19.52,19.52,,2.75%,2021-04-30
04/29/2021,19,19,19,19,,0.20%,2021-04-29
04/28/2021,18.96,18.96,18.96,18.96,,-0.34%,2021-04-28
04/27/2021,19.03,19.03,19.03,19.03,,0.14%,2021-04-27
04/26/2021,19,19,19,19,,-0.66%,2021-04-26
04/22/2021,19.13,19.13,19.13,19.13,,0.62%,2021-04-22
04/21/2021,19.01,19.01,19.01,19.01,,-0.15%,2021-04-21
04/20/2021,19.04,19.04,19.04,19.04,,-0.33%,2021-04-20
04/19/2021,19.1,19.1,19.1,19.1,,-1.20%,2021-04-19
04/16/2021,19.33,19.33,19.33,19.33,,2.82%,2021-04-16
04/15/2021,18.8,18.8,18.8,18.8,,-0.43%,2021-04-15
04/14/2021,18.88,18.88,18.88,18.88,,-0.32%,2021-04-14
04/13/2021,18.94,18.94,18.94,18.94,,-1.32%,2021-04-13
44534,19.2,19.2,19.2,19.2,,-1.15%,2021-12-04
44443,19.42,19.42,19.42,19.42,,0.04%,2021-09-04
44412,19.41,19.41,19.41,19.41,,0.77%,2021-08-04
44381,19.26,19.26,19.26,19.26,,0.82%,2021-07-04
44351,19.11,19.11,19.11,19.11,,1.16%,2021-06-04
44320,18.89,18.89,18.89,18.89,,0.91%,2021-05-04
44231,18.72,18.72,18.72,18.72,,0.71%,2021-02-04
44200,18.59,18.59,18.59,18.59,,-2.10%,2021-01-04
03/31/2021,18.98,18.98,18.98,18.98,,0.64%,2021-03-31
03/30/2021,18.86,18.86,18.86,18.86,,-0.93%,2021-03-30
03/29/2021,19.04,19.04,19.04,19.04,,-1.32%,2021-03-29
03/26/2021,19.29,19.29,19.29,19.29,,-0.32%,2021-03-26
03/25/2021,19.36,19.36,19.36,19.36,,0.95%,2021-03-25
03/24/2021,19.18,19.18,19.18,19.18,,0.14%,2021-03-24
03/23/2021,19.15,19.15,19.15,19.15,,1.18%,2021-03-23
03/22/2021,18.93,18.93,18.93,18.93,,0.55%,2021-03-22
03/19/2021,18.82,18.82,18.82,18.82,,10.55%,2021-03-19
03/18/2021,17.03,17.03,17.03,17.03,,2.12%,2021-03-18
03/17/2021,16.67,16.67,16.67,16.67,,-1.39%,2021-03-17
03/16/2021,16.91,16.91,16.91,16.91,,-0.86%,2021-03-16
03/15/2021,17.05,17.05,17.05,17.05,,-0.51%,2021-03-15
44533,17.14,17.14,17.14,17.14,,-0.17%,2021-12-03
44503,17.17,17.17,17.17,17.17,,-0.39%,2021-11-03
44472,17.24,17.24,17.24,17.24,,0.06%,2021-10-03
44442,17.23,17.23,17.23,17.23,,-1.19%,2021-09-03
44411,17.43,17.43,17.43,17.43,,0.15%,2021-08-03
44319,17.41,17.41,17.41,17.41,,1.52%,2021-05-03
44289,17.15,17.15,17.15,17.15,,0.80%,2021-04-03
44258,17.01,17.01,17.01,17.01,,-0.54%,2021-03-03
44230,17.1,17.1,17.1,17.1,,-0.97%,2021-02-03
44199,17.27,17.27,17.27,17.27,,1.00%,2021-01-03
02/26/2021,17.1,17.1,17.1,17.1,,-1.39%,2021-02-26
02/25/2021,17.34,17.34,17.34,17.34,,0.47%,2021-02-25
02/24/2021,17.26,17.26,17.26,17.26,,1.75%,2021-02-24
02/23/2021,16.96,16.96,16.96,16.96,,0.92%,2021-02-23
02/22/2021,16.81,16.81,16.81,16.81,,-0.84%,2021-02-22
02/19/2021,16.95,16.95,16.95,16.95,,2.36%,2021-02-19
02/18/2021,16.56,16.56,16.56,16.56,,-1.57%,2021-02-18
02/17/2021,16.82,16.82,16.82,16.82,,-1.41%,2021-02-17
02/16/2021,17.06,17.06,17.06,17.06,,0.79%,2021-02-16
02/15/2021,16.93,16.93,16.93,16.93,,-0.63%,2021-02-15
44532,17.04,17.04,17.04,17.04,,-0.43%,2021-12-02
44502,17.11,17.11,17.11,17.11,,0.65%,2021-11-02
44471,17,17,17,17,,0.19%,2021-10-02
44441,16.97,16.97,16.97,16.97,,-0.47%,2021-09-02
44410,17.05,17.05,17.05,17.05,,-0.65%,2021-08-02
44318,17.16,17.16,17.16,17.16,,-1.25%,2021-05-02
44288,17.38,17.38,17.38,17.38,,-0.06%,2021-04-02
44257,17.39,17.39,17.39,17.39,,-0.41%,2021-03-02
44229,17.46,17.46,17.46,17.46,,0.68%,2021-02-02
44198,17.34,17.34,17.34,17.34,,2.12%,2021-01-02
01/29/2021,16.98,16.98,16.98,16.98,,-0.06%,2021-01-29
01/28/2021,16.99,16.99,16.99,16.99,,0.39%,2021-01-28
01/27/2021,16.92,16.92,16.92,16.92,,-0.30%,2021-01-27
01/26/2021,16.98,16.98,16.98,16.98,,-1.26%,2021-01-26
01/25/2021,17.19,17.19,17.19,17.19,,-0.42%,2021-01-25
01/22/2021,17.27,17.27,17.27,17.27,,1.14%,2021-01-22
01/21/2021,17.07,17.07,17.07,17.07,,1.91%,2021-01-21
01/20/2021,16.75,16.75,16.75,16.75,,-0.29%,2021-01-20
01/19/2021,16.8,16.8,16.8,16.8,,0.41%,2021-01-19
01/18/2021,16.73,16.73,16.73,16.73,,0.07%,2021-01-18
01/15/2021,16.72,16.72,16.72,16.72,,-0.58%,2021-01-15
01/14/2021,16.82,16.82,16.82,16.82,,-0.71%,2021-01-14
01/13/2021,16.94,16.94,16.94,16.94,,-1.35%,2021-01-13
44531,17.17,17.17,17.17,17.17,,-0.08%,2021-12-01
44501,17.18,17.18,17.18,17.18,,-1.73%,2021-11-01
44409,17.48,17.48,17.48,17.48,,4.29%,2021-08-01
44378,16.76,16.76,16.76,16.76,,0.26%,2021-07-01
44348,16.72,16.72,16.72,16.72,,-0.40%,2021-06-01
44317,16.79,16.79,16.79,16.79,,-3.43%,2021-05-01
44287,17.38,17.38,17.38,17.38,,-3.24%,2021-04-01
